Receiver_ID,Name,Type,City,Contact
1,Donald Gomez,Shelter,Port Carlburgh,9559225295
2,Laurie Ramos,Individual,Lewisburgh,7610421570
3,Ashley Mckee,NGO,South Randalltown,6910230094x856
4,Erika Rose,NGO,South Shaneville,8296491111
5,John Romero,Individual,Bakerport,0674910154
6,Mandy Sutton PhD,Shelter,East Sharimouth,6827775357
7,Kenneth Baker,NGO,South Edwinborough,1266456386x4071
8,James Perez,Charity,Benjaminburgh,+19867486688
9,Emily Turner,Shelter,West Robert,0016310226157x520
10,Mary Salazar,NGO,Wrightland,0011873337518x11395
11,Amber Pacheco,Individual,South Gregorymouth,+11559607276
12,Jennifer Bishop,NGO,Katherineside,+18013636355x49805
13,Jamie Sutton,Shelter,Lake Matthewstad,0011768478920x2687
14,Brian Fischer,Shelter,Burkeside,9470413246x326
15,Donald Kelly,NGO,Port Ronald,9357985303
16,Elizabeth Lewis,NGO,Port Tara,5003863867x7565
17,Melissa Castillo,NGO,Silvaport,6992329544
18,Lisa Williams,NGO,Moranhaven,3605055780x95688
19,Courtney Sanders,NGO,North Cynthiaberg,0010837540501
20,George Palmer,NGO,Sandrahaven,7448386083
21,Emily Davidson,NGO,Jonesside,0018934730769x51510
22,Kristina Meza,Shelter,Lake Nicole,+11251600319
23,Kurt Ward,Individual,Aliciabury,4790359976x19919
24,Tammy Moore,Individual,Monicafort,7211055278
25,Lisa Mcclain,NGO,Lake Elizabeth,2921539082x59361
26,Kimberly Lindsey,Charity,Port Matthewmouth,+19795111434x565
27,Johnny Page,NGO,Susanfurt,2519222940
28,Mary Franklin,Individual,Courtneyfurt,0010461889986x12178
29,Nicholas Robinson,NGO,Lake Kendra,9301048973x8326
30,Bruce Sanchez,Shelter,North Heather,5984591819x6171
31,Rose Powell,NGO,Spencermouth,2471527297x648
32,Audrey Perez,Individual,Taylorfort,6370257736
33,Anita Kerr,NGO,Walshfort,5689929509
34,Megan Alvarez,Individual,North Robert,6244329386
35,James Castaneda,Shelter,South Rachaelhaven,9322772945x55052
36,Teresa Davis,Charity,Olsonville,0017375073051x34768
37,Angel Adams,Shelter,West Erik,+17858499596x994
38,Alexander Mullins,Charity,Josephview,2484817680
39,John Ramirez,Shelter,Moorechester,8597018773
40,Abigail Davis,Individual,West Carrie,3078253197
41,Julia Elliott,Shelter,Port Kellyburgh,+16138826551x33036
42,Maria Jacobs,NGO,Port Dawntown,2250198954
43,Bobby Perry,Charity,Amberfort,0206289733x57055
44,Andrew Lawson,Shelter,Davisborough,6225667870
45,Derek Potter,Charity,South Laurachester,4973727517x026
46,Kevin Lee,Charity,East Teresahaven,3542538089
47,Taylor Dean,Shelter,Moorechester,2971005658
48,Jennifer Graham,Individual,East Saraport,0019797460394x487
49,Gabriel Nicholson,Charity,South Tonyaborough,0300523339x1285
50,Brian Gonzales,NGO,North Sarah,0012414382803x907
51,Timothy Clark,Charity,Port Johnchester,2176621143x941
52,Cheryl Dillon,NGO,Hornemouth,3501461578
53,Cassandra Owens,Shelter,Tomburgh,0018131937735x105
54,Veronica Howard,NGO,Higginsmouth,5176322362x07333
55,Erika Rodriguez,Shelter,Larastad,0017321320041x81457
56,Deborah Smith,Individual,Jasonshire,9960394276x36961
57,Christopher Lozano,Individual,New Mary,2178270862
58,Julia Madden,Shelter,Michaelton,3212078844
59,Alicia Thomas,Charity,Lake Mary,6043200347x3019
60,Jessica Rivas,NGO,Phillipborough,3517831595x022
61,John Vazquez,Charity,South Kathleenbury,2370656422x5123
62,Nichole Lewis,NGO,North Catherinefurt,7774455269x5255
63,David Turner,Charity,East William,4456052297
64,Debra Sheppard,Shelter,North Darinshire,0017266781689
65,Cody Gardner,NGO,Port Belinda,5653950421x232
66,Jade Jackson,Individual,West Jaclyn,0981582253x172
67,Rodney Walker,Shelter,Strongshire,0018333857777x5891
68,Wesley Thompson,Charity,Edwardburgh,+19012552891x97537
69,Scott Brown,NGO,East Dylan,3021979398x95559
70,Carolyn Whitaker,Individual,Gregoryville,6651783261
71,Timothy Daniel,Charity,New Gloriaburgh,0015621819662x9861
72,Charles Davidson,Shelter,West Angelatown,+12946982957
73,Kimberly Mills,NGO,Christineton,2888215439
74,Patricia Smith,NGO,Laurafurt,2204535600
75,Nicholas Smith,Charity,Manningtown,+16059701115
76,Anna Lopez,Individual,North Jenniferside,0018056245306
77,Juan Spencer,Individual,North David,+11442427963x89583
78,Aaron Davis,Shelter,Marshallton,2310820755
79,Meagan Ramirez,Charity,Angelaville,0016716667691x55556
80,Eric Jackson,Individual,Knightburgh,7326023388
81,Theresa Ramirez,NGO,Port Gregoryport,+15828957478x325
82,Laura Bennett,NGO,Evansside,3797191693x40160
83,Julie Hines,NGO,Davidview,1436016545x48405
84,Deanna Lewis,NGO,East Kelli,0938550061
85,Jeffery Mueller,Charity,Lake John,3024932900
86,Jessica Grant,Charity,Smithshire,6011321809x716
87,Tammy Walker MD,Charity,West Ronaldland,9820447177
88,Eric Ryan DDS,NGO,Lake Daniel,0016777946847x02126
89,Mr. David Lambert,Individual,Robinsonside,9298411999
90,Alvin West,Shelter,Kellybury,4173148724
91,Ashley James,Charity,Garrettborough,1927847581x225
92,Bridget Peterson,NGO,Greenton,5090376331x927
93,Allison Bray,Individual,Alexatown,0011222773588
94,Timothy Patel DVM,Charity,New Jessica,+10468329667x841
95,Anthony Green,NGO,Laurafort,0017060249230x5313
96,Michael Walls,Individual,Carterside,6509307741
97,Nathan May,Charity,South Veronicaburgh,8087849354
98,Brian Cowan,Individual,Henryhaven,2341421265x21005
99,Nancy Silva,Individual,Russellville,9292213591x105
100,Melissa Little,NGO,Robertaborough,2502637746x235
101,Nicole Reid,Shelter,Hollytown,8085646895
102,Daniel Burton,Individual,North Matthewhaven,9722844190x487
103,Karen Cruz,Individual,West Justin,5005835978
104,Victor Reyes,Charity,North Joshuafort,+14112308872x5335
105,Trevor Wilson,NGO,North Pamela,0016517191403x4050
106,David Johnson,Individual,Lake Rebecca,0350190294
107,Jessica Morris,NGO,Port Elizabethton,1377761761
108,Suzanne Dawson,NGO,East Josephstad,+16821592143x3841
109,Rachel Nguyen,NGO,Theresamouth,0405452043
110,Karla Castillo,NGO,Lake Michaelton,1928112685x97518
111,Deanna Flores,NGO,West Johnny,6692949581
112,Brady Lopez,Individual,Michaeltown,8312755906x807
113,Jonathan Young,Shelter,Georgeborough,1648641786x77029
114,John Chase,NGO,Meganton,5304246470x4854
115,Anthony Carter,Shelter,Scottmouth,4997267360
116,Mark Lee,Individual,Port Teresa,0019837576830x086
117,Kelly Pierce,Shelter,East Heatherborough,5172321717
118,Matthew Tran,Charity,South Franciscoport,5831441560x457
119,Jasmine Robertson,Individual,Deanview,0013880786769x4237
120,Matthew Ramos,Shelter,Kennethberg,5035639703x9449
121,Gavin Freeman,NGO,Ayalamouth,7826814168
122,Drew Cline,NGO,Port Patriciachester,5178287715
123,Teresa Williams,Charity,South Alexandraport,6732288829x64732
124,Marie Andrade,Charity,Meghanfort,3140962823
125,Tammy Smith,Individual,Campbellchester,0016685371925x410
126,Heather Brown,NGO,North Lori,8361161365x8718
127,Hayden Hill,NGO,North Roger,1431125754
128,Sarah Carter,Charity,New Benjamin,0015130185852
129,Denise Martinez,Charity,Drakeburgh,4638878557x617
130,Matthew Hughes,Charity,Marieview,4684314471
131,Shawn Mills,Charity,Jeffhaven,+19511921790
132,Katherine Gomez,Charity,South Jasonberg,6098022108x3673
133,Robert Johnson,NGO,West James,3017495770
134,Emily Christian,Individual,Marcusberg,7246292189x533
135,Jeanne Spencer,Shelter,Huntermouth,9874746001x775
136,Katherine Murphy,NGO,New Elaine,0675064790
137,James Jones,NGO,Bakerfort,1224216342
138,Christina Potter,NGO,Phillipsbury,+13661444542x657
139,Charles Martin,NGO,New Christopher,5860090817x964
140,Kristin Scott,Shelter,North Christina,5989059117
141,Christine Gray,Individual,Dawnview,0014665380401
142,Melody Good,NGO,Wilsonfort,8802732716
143,Amanda Hendricks,Shelter,Nancyshire,0094941313
144,Jennifer Nelson,Individual,North Paul,6138027241x644
145,David Hull,Shelter,Tanyachester,1398046633
146,John Cummings,Individual,Joshuamouth,1344646051
147,Sara Wise,NGO,New Shannonbury,0867736881x8590
148,Robert Simon,NGO,North Amandafort,1726467107x977
149,Nathan Willis,NGO,Danielfort,8303189696x322
150,Kelly Howe,Charity,Davidmouth,0960593098x621
151,Lisa Eaton,Shelter,New Aimeemouth,3428696733
152,Jasmine Miranda,Individual,Caseyland,9135094800x3395
153,Jason Holmes,Individual,Williamtown,+18655330612x9768
154,Thomas Johnson,Shelter,Lake Victoriaport,6267945876
155,Christopher Kennedy,Shelter,Patriciaton,5091798044
156,Corey Mitchell,Charity,Jacobsmouth,0013921158557x9367
157,Jason Davis,Individual,Charleston,5231146883
158,Gregory Murphy,Individual,South Ashley,0903192480
159,Angela Cortez,NGO,Lisaton,+16852164851x71780
160,Tracy Hartman,Charity,South Jill,+19472039101
161,Mary Nguyen,Charity,Mcclurestad,+14531822743x789
162,Douglas Baxter,Individual,Amandaville,+11395982308x18363
163,Jennifer Anderson,Charity,Daleshire,+10733754139
164,Aaron Scott,Charity,Heatherfurt,0758633168x28937
165,Danielle Bailey,Shelter,East Sarahtown,3268060927x09574
166,Danielle Willis,Charity,Ginamouth,8704583747x34840
167,Erica Fox,Charity,West Shawn,0010299188786x2118
168,Kayla Johnson,Shelter,East Timhaven,7865345065
169,Jon Stanton,Charity,Nguyenfurt,4677232786x8881
170,Adam Browning,Charity,Port Erica,1965969067
171,Suzanne Velasquez,NGO,Joanchester,3056724633x961
172,Nicole Brown,Charity,Thomaston,2161216760
173,Jason Moore,NGO,West Courtneyport,9134685154x18139
174,Matthew Johnson,Individual,Smithstad,2858590597
175,Stephanie Hoffman,Individual,New Tiffany,9725985363x199
176,Brendan Farley,NGO,Nicoleport,3763303007
177,Tonya Lucas,NGO,Robertsonchester,+19135426523x9521
178,Deanna Jarvis,Shelter,Port Emilymouth,7995658611
179,Adam Hodge,Charity,West Krystalview,+11637515462x947
180,Michelle Cook,Shelter,Peterhaven,4129024858
181,Paul Evans,NGO,Smithshire,3222400397
182,Troy Miller,Charity,Seanside,8901485867
183,Nicole Walker,Individual,Thomasland,0016174756913x02561
184,Matthew Sanchez,Individual,Port Melissa,0017159201622x23981
185,Shannon Pineda,Individual,Lake Amanda,1292490893x786
186,John Massey,Shelter,Heathertown,4995907798
187,Amy Thomas,Shelter,Lake Erica,+12152950597x4795
188,Tina Ingram,Charity,Angelicatown,+19671343646x12054
189,Stephen Smith,Individual,Maxberg,6903261349x605
190,Maria Jackson,Charity,North Shelby,0160416963x060
191,Brent Anderson,Shelter,New Seanburgh,2254787600
192,Rhonda King,Individual,Toddborough,3679585492
193,Jesse Brown,Charity,Figueroaport,0014814250706x82893
194,Alan Campbell,NGO,Shawmouth,9428070793x71978
195,John Martin,Charity,New Jason,5811746644x358
196,Tara Bauer,Charity,Port Dustin,7099352878
197,Deanna James,Shelter,East Tinamouth,8391006940x3681
198,Scott Anderson,Individual,East Teresamouth,7332968887
199,Ashley Rivers,Individual,East Sharon,+19880512193x6577
200,Nicole Williams,NGO,East Jillian,+17857807784x633
201,Calvin Lucas,Individual,Corybury,4177309502
202,Veronica Coleman,NGO,North Mario,0965125528x76619
203,Vincent Matthews,Shelter,Allenmouth,0335998576
204,Rachel Thomas,Individual,North Lindachester,4178735848x16786
205,Kimberly Wilkins,Charity,West Casey,3783162949
206,Ashley Brooks,Individual,Ramseystad,4288209314
207,Nicholas Holloway,Shelter,South Kendraville,7198219201
208,Michael Flores,Charity,Andrewmouth,+19726828043x628
209,Gina Payne,Individual,Steveberg,9608846634x1029
210,Tara Mcmahon,NGO,South Anna,2835288473
211,Judy Griffith,Charity,Baileyville,+12553916382x12809
212,Ronald Gonzalez,Shelter,Stevenmouth,+19463783210x0415
213,Kelly Barber,NGO,Emilymouth,2594204088x04690
214,Corey Rodriguez,NGO,New Roseville,+18665447425x907
215,Mr. Matthew Johnson DDS,Charity,Port Stephen,1733110659
216,Morgan Massey,Charity,West Amybury,9292866902
217,Kelsey Holloway DDS,Charity,Ashleyborough,3007051978x78749
218,Corey Lamb,Charity,New Daniel,8828939920
219,Alex Rogers,Charity,Lake Austinmouth,+10176131019
220,Cassandra Mendoza,NGO,Dantown,2612673922
221,Rebecca Goodman,Shelter,Robinsonland,3922218538x523
222,Stephanie Jones,Shelter,West Aaronport,0010299401111
223,David Henderson,Charity,Hallside,9769469613
224,Franklin Kelley,Charity,East Jacob,2077678809
225,Joseph Bowman,NGO,West Jessica,0013634342847x24463
226,Daniel Kerr,Charity,Fergusonton,5489559384x8406
227,Samuel Hodge,NGO,Port Maria,3024637516
228,Joanna Wilkins,Charity,Singletonview,7968881488
229,Tina Watkins,Shelter,Bushview,7774795306
230,Nathaniel Moreno,NGO,Poolestad,8168189063x631
231,Christopher Barrett,Charity,Port Brianville,+10997401254x66035
232,David Smith,Charity,Davidshire,1064657709
233,Alicia Porter,Charity,Port Ericmouth,0016526142884x66578
234,Keith Atkinson,Charity,Lake Julia,6869684161x069
235,Megan Freeman,NGO,Rogerburgh,+15102746183x0559
236,Duane Burnett,Charity,New Derek,0015901144533x323
237,Cathy Adams,Shelter,West Josephshire,2690614726
238,Kendra Krause,NGO,Davisburgh,4500320502
239,Lindsay Garcia,NGO,North Kimberlyport,0722151225
240,Ronald Miller,Shelter,Edwardsside,0180633263
241,Elizabeth Dunn,Charity,Wilsonfurt,0692210114
242,Matthew Pearson,NGO,Garciaview,6212235497
243,Alexis Smith,NGO,West Vickie,0012720793939x93350
244,Jason Ramos,Shelter,Carolhaven,1460140992x777
245,Rebecca Sanchez,Shelter,New Craig,5864137361
246,Kristi Wagner,Shelter,Lake Darrellburgh,2642551562
247,John Mitchell,Charity,Aaronshire,0010951847835
248,Victoria Lee,Charity,New Abigail,9797862359x15290
249,Zachary Lewis,Charity,Lake Kelli,0318694632
250,Jamie Ferguson,Charity,Jenniferberg,0010521504048x243
251,Sarah Hodges,NGO,Martinland,0010161631445
252,Angela Dunlap,Individual,New Julian,8542032129
253,Adam Pittman,NGO,West Christiantown,4559151588x8706
254,Felicia Wilkinson,Shelter,Williamsfort,4034230469
255,Walter Myers,Individual,New Tina,+12852788381x0454
256,Derek Wilson,Individual,Christopherland,+19638597585x002
257,David Bryant,Shelter,South Amy,4342903119x1927
258,Scott Grant,Individual,Port Samantha,0016918498860x97955
259,Aimee Stone,NGO,Barnesport,1043947041x83013
260,Patricia White,Charity,Lake Jessicaborough,4346354716x587
261,Maria Lang,NGO,East Moniquemouth,7952611223x445
262,Autumn Reed,NGO,East John,+10012020048
263,Ann Mcclure,Shelter,West Johnmouth,3357769231
264,Sandra Townsend DVM,NGO,West Kelly,+11358860842x42924
265,Rebecca May,Individual,Murrayview,7831443726
266,Stacy Mayo,Shelter,Bauerton,+13649252936x855
267,Randall Robbins,Shelter,Dylanton,+13821126000
268,Steven Morton Jr.,Shelter,Kellybury,8845037406
269,Mrs. Paula Jones,Individual,Emilymouth,9353772742x36543
270,Darlene Fernandez,Shelter,Monicaton,0792874429
271,Mark Hartman,Individual,East Ashleyshire,8180151582
272,Walter Carter,Shelter,Brianchester,1707344123x02001
273,Jonathan Soto,Charity,Autumnbury,2479938111x9057
274,Robin Ross,Individual,East Williamborough,7807540093
275,Michael Johnson,Individual,Longmouth,0810428712
276,Scott Hunter,Individual,Greenton,0743055053x60975
277,Austin Jones,Charity,Brandonside,6014748397x472
278,Jay Roberts,Shelter,West Christopher,4358151380x935
279,Angela Wyatt,Charity,Port Jessica,5929131646x3179
280,Jesse Miller,Shelter,Port Samanthamouth,1420764130x9854
281,Mrs. Kristin Adams DDS,Charity,Lake Christychester,0737643235
282,Lisa Pitts,Shelter,Lake Stephenport,0017093423522
283,Edward Cook,Charity,Isaiahtown,9905345202x158
284,Beth Sanchez,NGO,Dustinfurt,8967378178x2821
285,Derrick Curtis,NGO,Stephaniechester,1400951639x5596
286,Travis Hughes,Shelter,Castilloland,9059766704x97813
287,Jennifer Johnson,Charity,Burnettton,7970971389
288,Christopher Larsen,NGO,Susanview,1464226270
289,Nathan Reynolds,Shelter,Lake Tina,0295226591
290,Karen Brennan,Shelter,Hannahside,6935324960
291,Dawn Thompson,Charity,North Josephland,1419736585
292,Mrs. Emily Smith DVM,NGO,Shermantown,3485424932x868
293,Randy Roach,Charity,East Bryan,8885344534
294,Cynthia Horton,NGO,Jamesstad,5355765970x774
295,Joseph Williams,Individual,East Dale,0011125139413
296,Pamela Santos,Shelter,Lake Michael,8651865350x045
297,Deanna Daniels,Individual,Aguilarstad,0014369292288
298,Robert Burke,NGO,Marksmouth,9952978023x0932
299,Michael Curtis,Shelter,Alexanderbury,+15236878881x66849
300,Jeanne Benjamin,NGO,North Alexander,5950007971x3446
301,Kristina Simpson,NGO,Melissaport,3752453906
302,Daniel Moore,Charity,Port Richard,1768098232x828
303,Joseph Davis,NGO,Millerport,7798026319x67760
304,Jennifer Ayala,NGO,Edwardshaven,9290158411x75681
305,Brendan Vargas,NGO,Kellyville,9816606741x707
306,Donna Williams,Charity,Calebview,0833130990x09518
307,Logan Becker,Charity,North Patriciamouth,+12262391432
308,Robin Pena,NGO,Cynthiashire,6917758145
309,Bryan Smith,Individual,New Julia,0011275506441x5817
310,Gary Adams,Individual,New Sara,0013238234026x61837
311,Tina Jackson,Charity,Geraldchester,1030025677
312,Pamela Morales,NGO,Schaeferfort,7916242530x9708
313,David Marsh,Shelter,North Kimberlyfort,4985265768x31348
314,Kelsey Smith,Shelter,Haleymouth,7649893036x77897
315,Anthony Harris,Individual,West Aaronberg,8113062805
316,Jacob Montoya,NGO,Meganmouth,6098586366x85166
317,Martha Flores,NGO,Lake Glenview,5684260750
318,Michael Carter,Charity,Danielborough,+11494689647x5327
319,Donald Bender,Charity,Andersenfort,2628996349x569
320,Carmen Barker,Shelter,North Williamview,0011512843163
321,Wanda Wise,Shelter,South Bethanyport,9400280493x49472
322,Stephanie Mathews,Shelter,North Ashleymouth,+18522427762x49312
323,Linda Banks,Individual,New Sarahmouth,3235409403x92583
324,Kristine Martin,NGO,Thompsonhaven,4449544127x16438
325,Lawrence Owens,Individual,South Amybury,+15657487655
326,Douglas Jacobs,NGO,East Gina,8190722490x353
327,Aaron Keller,Shelter,Melissaview,7995680302
328,Carlos Lawrence,Individual,New Justinhaven,2725803538
329,Christine Patterson,Individual,Edwardfort,0012709070981x5520
330,Kimberly Hamilton,Individual,North Bruce,3984868232x9944
331,Shane Stein,Individual,Reidton,0867996277x14274
332,Raymond Harris,Charity,Hammondfort,1731852783
333,Gabriel Vargas,Charity,Chaseview,0013432542598
334,Gina Wu DDS,Shelter,Lake Melindaside,4843500946
335,Deborah Sexton,Shelter,Victoriastad,8999364720x6569
336,Laura Marshall,Charity,East Lisafurt,+13891677916x81453
337,Jennifer Schmidt,Individual,South Michelleshire,0075614094x27296
338,Patrick Zimmerman,Shelter,Thomasberg,9136389318x024
339,Dustin Johnson,Individual,Gomezmouth,0011719952815x84366
340,John Baxter,NGO,New William,8944419136x66913
341,Anna Buckley,Individual,Murphyfort,4212819097x013
342,Kristina Vargas,Charity,Lake Rebeccaton,3647796707x066
343,Roberto Stanley,Shelter,Melindaview,2732994177x0763
344,Barbara Velasquez,Charity,Priceborough,6692474183
345,Eric Ramos,Individual,Rushfurt,5159281587x32812
346,Mr. Mark Knight DVM,Charity,East Joseph,7577967872x2411
347,Michael Keller,Individual,New Derek,0005721246x444
348,Donna Hughes,Individual,Maryfort,3525203779x375
349,Gwendolyn Johnson,Individual,West James,6497149926
350,Sylvia Stanley,Shelter,Jenniferbury,0652300281
351,Kerry Jones,Charity,New Christopher,7257795651
352,Cody Martin,Individual,Angelamouth,2396786580x09652
353,Mrs. Stacey Morales MD,Individual,Juliastad,8660509817
354,Kimberly Nelson,Charity,Lake Lesliemouth,0094753945
355,Brian Hoffman,Shelter,Lake Dillonborough,7187535421x7242
356,Brian Cherry,Charity,Swansonport,+16733722010
357,Jacob Orozco,Individual,West Jeffrey,7878348225
358,Brian Davis,Charity,Williamsfort,7506465852
359,Travis Walker,NGO,West Dan,8439050785
360,Tammy Boone,Shelter,New Christopher,3017137646x501
361,Samuel Lewis,Individual,North Nicole,0013818075033x358
362,Elizabeth Collins,Shelter,Johnland,6015328275x383
363,Stephanie West,Charity,North Jamesfurt,0017942545542
364,Keith Gray,Charity,New Corey,0012970873713x91812
365,Melissa Green,Shelter,South John,6216980426x1205
366,Tony Holmes,NGO,Jaredport,6231314040x0485
367,Ricardo Roberts,Individual,West Matthewborough,3718571738x24461
368,Debra Murray,NGO,Duncanchester,5668325437
369,Sherry Hall,NGO,Davidmouth,2561663623x2267
370,Tara Johns,Individual,Paulmouth,3741715991x58449
371,William Frederick,NGO,Port Dean,0012285519866
372,Harold Bowen,Charity,South Barbaraburgh,7326921653x04238
373,Seth Esparza,Shelter,Port Brandonberg,2597616873
374,Ricky Walker,Individual,Port Johnstad,0010667007862x511
375,Melissa Smith,Shelter,Lake Stevenburgh,+16162305539
376,John Reeves,NGO,Jamieview,+10503069244x20943
377,Patrick Campbell,NGO,Leeton,7058064686
378,Brandi Buckley,Shelter,Lawrencechester,5187422945x12087
379,Tara Graham,Shelter,Lake Cory,6178697697
380,Heather Silva,Charity,Lake Ryan,1340826530
381,Yvette Huffman,Charity,Reevestown,8398518386
382,Patricia Stevens,Shelter,Perezport,0016284790049x980
383,Melissa Kennedy,Individual,West Tina,1293354916x24644
384,Anthony Guerra,Charity,North Michelle,1022227070x5313
385,William Barnes,Shelter,Kellyfurt,2572410749x262
386,Mary Hopkins,Individual,Tiffanyport,0014763508465x7500
387,Michael Proctor,Charity,Lisafurt,1195494969
388,Nicole Mueller,Charity,Rachelberg,2412691178
389,Kelly Buchanan,Charity,Lake Jonathanchester,1069275178x0789
390,Victor Crawford,NGO,New Brandonton,+13890875252x62752
391,Regina Munoz,NGO,Lake Clinton,5859553149
392,Tracy Douglas,NGO,Gordonstad,+10845228932x8580
393,Dana Simmons,Shelter,West Jorge,0057202323x75794
394,Kyle Kerr,Charity,Sarahville,0658537158x4157
395,Joseph Davis,Charity,Sherryhaven,4268702757x6102
396,Allison Martinez,NGO,New Amy,9455111142x655
397,Mr. Robert Rivera II,Individual,Bergerport,+14701545478x4289
398,Alex White,Charity,Port Carmen,2263638449
399,Jennifer Hughes,Charity,West Donnaton,0011474301204x8556
400,John Byrd,Shelter,West Randall,2193136702x212
401,Leslie Acevedo,Charity,Lake Matthew,0287373556x89803
402,Nicholas Mosley MD,Individual,North Manuel,+17593327128
403,John Collins,Shelter,New Deborahville,0012377663335
404,Marissa Fischer,Shelter,New Kevin,4544638142x8597
405,David Evans,Shelter,Chambersmouth,3162219715
406,Ashley Martinez,NGO,Lake Crystal,1515212736
407,Arthur Thomas,Charity,Clarkhaven,0017976158560x7849
408,Jennifer Mccoy,Individual,Morganville,4301711148x1808
409,Matthew Simmons PhD,Shelter,Brandonhaven,0010406684559x58950
410,Betty Reid,Charity,North Abigail,0015266267117x20926
411,Eric Kaiser,Shelter,West Mikayla,0014939690455x844
412,David Carney,NGO,Port Dianemouth,0017107321565x428
413,Dennis Schultz,NGO,New Natalieland,3480490216
414,Dr. Matthew Hughes DDS,NGO,Christopherchester,+11267142290x91321
415,Kevin Blair,Individual,Lake Laurenburgh,8870335757x4595
416,Ernest Cox,Shelter,Christinaland,0614624166
417,Justin Santos,NGO,Rayfurt,9532216291x3146
418,Miss Mary Turner,Charity,North Holly,8993302450
419,Teresa Jackson,Shelter,Port Thomasstad,0016201156715x07034
420,Susan Green,Charity,Josephborough,+17167787428x09975
421,Jonathan Copeland,Shelter,Jonathanview,8360481897x257
422,Tina Bean,Charity,South Tyler,0018770900264x425
423,Christine Bell,Individual,South Edwardburgh,1720333196x74489
424,Pamela Harris,Charity,Lewisfort,3205623060
425,Robert Chavez,NGO,Chadport,8860499104x019
426,Jose Rivas,Shelter,Rosaleschester,0014114559848x386
427,Toni Johnson,NGO,Lake Steven,0452298601
428,Elizabeth Galvan,NGO,Lake Karen,+18960181230
429,Daniel Williams,Shelter,Russellburgh,2886093038
430,April Johnson,NGO,Pagemouth,5404860312
431,Mr. Gregory Thompson,Charity,East Douglas,7253485813x15130
432,Julie Brown,NGO,East Melissaport,5442006673x39918
433,Michael Dunn,Individual,Lake Kyleside,0012639942712
434,Jason Alvarez,NGO,South Connorview,1071645994
435,Whitney Evans,Shelter,Martinezside,0013559119659
436,Jacqueline Turner,NGO,Robertsport,9378418251
437,Lindsey Lewis,Shelter,West Rogerview,0016102098312
438,Jane Davis,Individual,Lake Joshuaville,0014805548487x778
439,Erika Lopez,Shelter,North Margarethaven,1170271702
440,Alexander Walsh,Individual,Troyshire,0014436387858x7009
441,Cynthia Johnson,Charity,West Cherylland,7160980270x507
442,Natasha Harper,NGO,Port Sara,4747633272x81635
443,Brittany Anderson,Individual,Port Michaelmouth,6109214134x12104
444,Michael Simmons,Individual,Coreymouth,4272373480x5364
445,Christopher Williams,NGO,North Kathryn,3045504023x26262
446,Eric Mays,NGO,Port Deborahbury,5556987496x465
447,Erika West,Individual,Mikemouth,4096634270x89860
448,Nicholas Harrison,Shelter,New Timothymouth,0155752106
449,Mrs. Valerie Hartman,NGO,Port Jenniferborough,1271218776
450,Russell Smith,Charity,New Rebecca,+15815756141x390
451,Marcus Gregory,Shelter,Hollyside,4524904054x2105
452,Tina Banks,Charity,Port Judith,9865357620
453,Kristen Alvarado,NGO,Davidport,0019657769092x06414
454,Steven Griffin,NGO,Cruzborough,5115950189
455,Jennifer Kennedy,Individual,Port Deborah,9581893095
456,Rodney Perkins,Charity,Lake Christina,2914238876
457,Ryan Cole,Charity,Sandratown,0014775486956x3901
458,Michael Vargas,Charity,East Andrewhaven,9324661933x7047
459,Brandon Riley,NGO,Powerston,7423646134
460,Karen Stafford,Shelter,West Justinberg,0407743704
461,Tonya Lewis,NGO,Edwardport,9693197491
462,Timothy Martin,Charity,Lake Adriennechester,0686804383
463,Frank Jackson,Charity,North Jeffreychester,4415046385x08595
464,Richard Parsons,Shelter,Bushbury,+17819931106x42127
465,Makayla Davis,Shelter,Chrisport,2829299573
466,Christine Ashley,Individual,South William,0676184352x8380
467,Nathan Gonzales,Charity,East Daniel,5439084807x329
468,David Castro,Shelter,Heatherhaven,7015298611x3352
469,Steven Martinez,Individual,Johnsonberg,7723986224
470,Edwin Osborne,NGO,North Robinville,1606057945
471,David Fuentes,NGO,North Kimberlyland,7679660659x378
472,Brian Hill,Charity,Port Dominique,0014686660994x3200
473,Justin Powell,Shelter,Port Sarah,0018231123947x46965
474,Christine Lawrence,Charity,Bobbyfort,9363786017
475,Kim Gamble,Individual,East Ginafort,0762758691
476,Jennifer Baker,Shelter,Castilloshire,+13405093899x3380
477,Jorge Young,Shelter,Lake Rebeccaton,2086783432
478,Benjamin Wilson,NGO,West Aliciaburgh,5228626624
479,Karen Reeves MD,NGO,Lake Mitchellbury,3651743809
480,Michael Roberson,NGO,South Davidstad,8219451712x4447
481,Heather Brown,Shelter,New Michaelport,0011376225038x219
482,Timothy Garrett,NGO,Andersonview,9075323328
483,Emily Sandoval,Charity,Port Gregory,0762070611
484,Mary Harrington,Shelter,Port Jason,7731596013x005
485,Debbie Cox,Charity,Christopherchester,0018589891478x60960
486,Ronald Brown,Shelter,New Dustin,7682014672
487,Micheal Peterson,NGO,West Jeffreyfurt,0943304095
488,Patrick Jenkins,Charity,West Richard,1170988608x39905
489,Erin Foster,Charity,Jessicatown,1049819543x8798
490,Tiffany Smith,NGO,Port Brandon,1509541064x502
491,Molly Edwards,Charity,Rodriguezborough,3469124779
492,Julie Lewis,NGO,South Steven,5573523497x4606
493,Chelsea Powell,Charity,Lake Rachelburgh,0015270594168x72504
494,Timothy Chavez,Individual,Brooksmouth,9390464362x26066
495,Andrea Meyer,Individual,Christophertown,0015795754238x796
496,Kristina Park,Charity,Langburgh,0016085420101
497,Miss Jamie Gonzalez DDS,Charity,Proctorville,0111321619x1390
498,Dennis Ford,Charity,Port Derekland,5608388104
499,Ricky Harmon,Individual,Port Chaseport,8173998610x569
500,Richard Patterson,Charity,Huynhmouth,1091960030
501,William Davila,Individual,Gilbertborough,6320448155
502,Carly Austin,Charity,Connerland,5886969694x7636
503,Eileen Scott,Charity,Lewismouth,8343314178x57771
504,Michael Williams,Shelter,Matthewhaven,0015112046271
505,Alexandra Owens,NGO,Bradleyland,9279961259
506,Mrs. Kim Blackwell,NGO,Port Margaretport,9780172536
507,Destiny Maldonado,Charity,Carlosfurt,2647546432x2877
508,Kimberly Wilson,Individual,Susanville,9903662975
509,Drew Edwards,Charity,Huffmouth,+19102170650x58040
510,Jeremy Christensen,Individual,Ashleyborough,6787773829
511,Kimberly Cox,NGO,Lake Gloria,6289046503
512,Anne Stone,Shelter,Pittsville,4684829531x7575
513,Dr. Ryan Gilbert,Individual,Sarahaven,5273864611x5297
514,Ashley Bell,Shelter,Olsonland,+17339054924x97502
515,Misty Downs,NGO,Robertview,0643596470
516,Gary Myers,Shelter,Turnerhaven,0016699198102
517,Taylor Wolfe,Individual,New Travisland,5163674140
518,Katrina Smith,NGO,Stephanieberg,5771129949x6527
519,Elizabeth Salazar,Shelter,Paynestad,6551474123x411
520,Alexandra Jones,NGO,Lisaborough,9258392741
521,David Robinson,NGO,Carolinebury,+12255769253
522,Veronica Robinson,NGO,East Cynthiahaven,1088817279
523,William Fox,NGO,Port Angelafurt,2280026281
524,Tiffany Rodriguez,Charity,Ramirezhaven,+19766242718x90881
525,Michael Dixon,Charity,Rebeccaview,5796325450x933
526,Brian Morales,NGO,Darinland,4099397232x9674
527,Kelli Fuentes,NGO,East Peter,0015792002768x448
528,Alexander Dean,Charity,New Robert,+12915003349x3774
529,Amy Perez,Charity,West Jacquelineland,0016926343701x202
530,Lindsay Yates,Individual,Diazshire,+19885867568x1040
531,Alexandra Rogers,Charity,Paulaburgh,9113263274x85954
532,David Sellers DVM,Individual,South Michaelfurt,4923213443
533,Joseph Knapp,Shelter,New Michael,1170969114
534,Megan Miller,Individual,Anthonyport,2526655472
535,Jane Avila,Shelter,Christinahaven,0329872893
536,Margaret Lloyd,Shelter,Phillipston,+15512667292x92504
537,Earl Eaton,Shelter,Port Michaelport,0764237778
538,Ronald Norton,Individual,Carterton,+13110605846x0735
539,Jessica Lee,NGO,Vasquezberg,1295971071
540,Cristina Curtis,Individual,East Davidbury,5047220994
541,Amy Brown,NGO,Shelbyland,7529563208x04024
542,Savannah Neal,Individual,Ashleeside,7502574736x9555
543,Brenda Green,Charity,Jacobmouth,0013445154579x388
544,Matthew Wright,NGO,Port Traci,0017820744708
545,Peter Allen,Individual,Port Kristinechester,+14878771518
546,Meagan Hughes,Charity,Lake Lance,1093649434
547,James Kennedy,Charity,South Donaldshire,5439018742x48816
548,Gary Andrews,NGO,Gonzalezstad,+11153683340
549,Trevor Lam,NGO,New Alexismouth,7262770665
550,Shawn Gibson,Individual,South Eric,0012687930427x33000
551,Kyle Vega,Shelter,West Alexandra,+12393557045
552,Jeremiah Jones,NGO,Shaneport,3223114182
553,Scott Proctor,Shelter,Adamland,9982822315x7499
554,Margaret Mccullough,Charity,Ortizmouth,8888903956
555,Mary Lewis,Individual,Port Richard,+14436808966
556,James Wolfe,NGO,Woodsfurt,3377917990x5443
557,Andrea Mcdaniel,NGO,Kingville,9383950602x60948
558,Samantha Salinas,Charity,Rayberg,0013013968153x96235
559,Randy Martinez,Shelter,Brownville,0017884511379x961
560,Matthew Mendez,Shelter,South Meganland,+14061923141x20799
561,Andrea Morris,NGO,Hallton,1513918350x82191
562,Antonio Murphy,NGO,West Kevin,+11775640300x9110
563,Brandon Johnson,Charity,Randyville,1501609543x250
564,Justin Smith,Individual,Pottertown,+15888743231
565,Brian Blankenship,Charity,East Jordanborough,+14502916223x9898
566,Michael Lewis,Individual,East Kimberlymouth,0720781249x988
567,Peggy Knight,Shelter,North Michaelville,2932417469x5110
568,Melissa Mclaughlin,Charity,Roberttown,6719087777x08364
569,Danny Randolph,Shelter,South Yolanda,0290118582
570,Anthony Cochran,Individual,Port Todd,+19602530828x4007
571,Lydia Phillips,Shelter,North Hollyland,7041622429
572,Diana Blair,Shelter,Murrayside,0016327743398x50003
573,William Clark,Shelter,Port Courtneyland,4689527647
574,Mr. William Hunt,Shelter,Barreratown,5648546978x7462
575,Jennifer Davila,Shelter,Hollandburgh,+14013718447x5866
576,Justin Lopez,Individual,East Stephenton,5261538449x436
577,Thomas Burch,Charity,North Lori,3908825868
578,Larry Bradshaw,NGO,Lake Cody,0018435973151
579,Nancy Guerrero,Individual,South Elizabeth,8913817696
580,Yesenia Solomon,Charity,Port Paulaton,7765870514
581,April Mcintosh,Charity,North Sherribury,9253875931x9388
582,Douglas Cook,Shelter,Hunterbury,8724548537
583,Sean Henderson,NGO,Lake Gregory,5533264934x118
584,Austin Vance,Shelter,Whiteside,0740871962x83029
585,Mark Lewis,NGO,Lisaview,+18945540220x5777
586,Amy Barker,Shelter,North Nathanville,0018068213010x5044
587,Jennifer Clark,NGO,Spencermouth,+18621967109x9671
588,Laurie Alvarez,Shelter,North Raymond,4633929887x42698
589,Nicole Williams,NGO,West Richard,7277713700
590,Terry Fernandez,Shelter,Mooreburgh,5060527523x43392
591,Susan Clark,NGO,Beckville,0204357439
592,Michael Pennington,Charity,South Gabrielmouth,9054209084
593,Douglas Mann MD,NGO,North Lisaburgh,3180399487
594,Sheri Johnson,Shelter,North Christopher,2539200751
595,Courtney Whitney,Individual,West Mariashire,0015284467897
596,Natalie Navarro,Shelter,West Carrieberg,0014337426627x972
597,Willie Nichols,Charity,Jonesland,0011176097351x313
598,Alexa Guerra,NGO,Ariasbury,7691923865
599,Christopher Davis,NGO,South Yvettestad,+14969525072x2056
600,Bruce Alexander,Individual,New Tammyhaven,3765012938
601,Peter Gonzalez,Shelter,Biancaton,1125784601x9811
602,Paul Carter,Individual,Kinghaven,1080025301x83445
603,Christina Caldwell,Shelter,New Christopherburgh,4578745807x7325
604,Ashley Hall,Individual,Butlerborough,+15473443774
605,Tara Johnson,NGO,East Nathan,9017973598
606,Jenna Bowen,Shelter,Nicoleside,6821839790x650
607,Sean Wolf,NGO,Mcfarlandhaven,4909137034x400
608,Oscar Bauer,Charity,South Nicoleberg,0018745076783
609,Brian Riddle,Shelter,Jenniferbury,1493189525
610,Jimmy Morton,Charity,New Carrie,0017213480570x6158
611,Jeff Rivas,Charity,Mcdanielmouth,6750654290x4573
612,Meredith Griffin,NGO,Patriciamouth,3308187400
613,Renee Campbell,Shelter,North Tiffanyfort,1993750653x151
614,Peggy Parker,Shelter,South Waynefurt,6435183066
615,Rachel Carson,NGO,Robertside,0019108522109x575
616,Christopher Wright,Shelter,New Kellytown,+16310748622x827
617,Justin Lee,Individual,Shelleyburgh,1996465303x65771
618,Samuel Mendez,Individual,Andersonland,0644310381
619,Taylor Estrada,NGO,Nguyenview,0013515565960x359
620,Cassandra Foster,Individual,West Danielview,2830475421x9049
621,David Jordan,Individual,Mendozabury,7058168331x096
622,Gary Torres,Charity,Kimberlyview,8161412613x8114
623,Phillip Rogers,Individual,Keithstad,6265546466x12045
624,Alvin Day Jr.,NGO,East Heatherbury,7221278600
625,Paul Lee,NGO,Stephenchester,+18741575024x3157
626,Theresa Gonzalez,Charity,Port David,0505686038x358
627,Beth Chavez,Shelter,East Nicole,+12499911004x0285
628,James Gardner,NGO,Morenoborough,4052113183x136
629,Andrea Hansen,NGO,Lake Mary,4075255651x8151
630,Sarah Ochoa,Charity,Vancebury,9182551669
631,Diana Fisher,Shelter,New Daryl,9743914500x152
632,Austin Smith,NGO,North Marcusbury,2193818831x93973
633,Jay Higgins,NGO,Perezhaven,8809908313
634,Jessica Watkins,Charity,Robertton,3689594075x9286
635,Lisa Marshall,Charity,Johnville,3754231187
636,Devon Burton,Charity,Blakehaven,9071089325x817
637,Benjamin Soto,NGO,West Garretthaven,8693958395
638,Timothy Browning,Charity,Moralesfort,0018362473024
639,Jeffrey Vaughan,Charity,Cameronfurt,1293657408x619
640,Joseph Smith,NGO,Anthonystad,7166983766x7391
641,Robert Jones,Shelter,East Antoniobury,0014801681124x978
642,Sarah Rose,NGO,New Ryanmouth,2473880838x6557
643,Mary Morrow,NGO,Melaniehaven,0019959219720x7901
644,Deanna Brown DDS,Individual,Fowlerburgh,6951474833
645,Steven Armstrong,NGO,Robertfurt,2161559564
646,Maria Lee,Individual,West Juanchester,4337297840
647,Christine Davis,Charity,Josephton,1443597605
648,Heather Stewart,NGO,South Lucasview,5189364091x169
649,Cory Schmidt MD,Individual,Johnsonville,0019155356309x779
650,Nicholas Peterson,NGO,West Troyview,0015287831533x9196
651,Rebecca Mcbride,Charity,Port Timothymouth,1594214100x43055
652,Sandy Ward,Shelter,North Michael,+15326460437x1719
653,Jason Garcia,Shelter,Port Mariemouth,2296884610x87983
654,John Murray,Shelter,Fernandezberg,0016640040117x5796
655,Lauren Golden,NGO,Michealstad,5091203093
656,Christopher Clark,NGO,Port Peggyshire,+10209614423
657,Patricia Salas,Individual,Port Maryshire,5695147193
658,Frank Olson,Shelter,South Anthonyside,0019967475678x5051
659,Elizabeth Stewart,NGO,Kempstad,6597310182x7759
660,James Hernandez II,Charity,Kenthaven,0010362352960
661,Robert White,Charity,Petersonmouth,9828389359
662,Gabriel Harris,Individual,Port Shannonhaven,8530342142x599
663,Michael English,NGO,Lake Daniel,6123203740
664,Joseph Nelson,Individual,Phillipston,7800327079
665,Felicia Collier,NGO,Toddstad,+11132024089x101
666,Meredith Hull,NGO,Markfurt,5758798768x33505
667,Christine Beasley,Individual,Jensenland,6677294034
668,Maria Singh,NGO,Brandonhaven,+13531271876x477
669,Karen Cox,Charity,Davidland,7917599054x23904
670,Amber Hobbs,NGO,Rogersfort,9148645127x8523
671,Cindy Green PhD,NGO,Sharpfurt,6744184457
672,Janice Thornton,Charity,Allenmouth,6467359177x4671
673,Shelly Castillo,Charity,Chenview,0019846412359x15247
674,Stephen Harris,Charity,Port Seanshire,+11638807237x908
675,Robert Day,NGO,Goodmanfort,0012847424202x15864
676,John Williams,Charity,Brooksborough,0575371761x52273
677,Joshua Rush,Charity,New Mark,6026944031x226
678,Joseph Johnson,NGO,South Jasminechester,4122028352x6950
679,Alexis Rodriguez,Shelter,South Shirleymouth,7488278108x926
680,James Lewis,NGO,Richardton,0011512871850
681,Becky Hernandez,Shelter,Jeanshire,0019505109795x700
682,Paige Lewis,Shelter,Karenfort,1506085231x697
683,Mark Williams,NGO,Taylorport,0015209638410
684,Kiara Martinez,Individual,Ellisborough,8299398804
685,Angela Knight,Individual,Port Joshua,4913302377x936
686,Spencer Roberts,Charity,East Sheenahaven,0749201029x14932
687,Danny Palmer,NGO,North Erikhaven,+19313158378x838
688,Jeffrey Turner,Charity,East Tiffanyview,0013211603094x50214
689,Michael Murphy,NGO,Lake Sheilaland,+18878436402x64812
690,Jeffrey Knight,Individual,Wardshire,2077948313
691,Brittany Williams,Individual,Christinehaven,0783148173x43041
692,Christopher Stokes,Individual,Joshuahaven,0013050487931x49531
693,Carl Brewer,Individual,Nelsonbury,8467645157x7104
694,Rachel Arnold,Shelter,New James,0010876741329x05614
695,Janet Newton,Individual,West Amandaport,9305908261
696,Kellie Hart,Charity,Changview,+12355899126x33112
697,Laura Leach,Charity,Davidtown,5465940771
698,Dawn Rodriguez MD,Charity,New Shauntown,+10836243293x3668
699,Sabrina Johnson,Charity,East Emily,0015521243791
700,Kimberly Duncan,Shelter,West Monica,0018511582436x740
701,Amber Arellano,NGO,South Marymouth,+17184258787x628
702,Rebecca Chan,Charity,West Brittany,2797073052
703,Mr. Jonathan Williams,Individual,Bruceburgh,6060106061
704,Jason Lowe,NGO,Sarahside,0631150253
705,Christopher Sellers,Charity,East Nathanstad,5709576832
706,Shannon Jensen,Shelter,Lake Kevinport,0013785701120x234
707,Jason Martin,Charity,New Frederickfort,0015018777120x4743
708,Jacob Mendez,Individual,South Jason,8183586757
709,Matthew Sanchez,Individual,New Stephanie,1310834622x013
710,Eric Carrillo,Shelter,Nicholsonland,0019050078793x1997
711,Mark Carroll,Shelter,Lovestad,+17623695612x249
712,Laura Graham,NGO,Mercerport,0968045311x455
713,Robert Moses,Shelter,Port Terry,6298705299x9094
714,Adam Phelps,Individual,North Amanda,0015866126376
715,Tyler Christensen,Charity,Lake Douglas,3066912501
716,Angela Gregory,Individual,Lake Tracytown,8178566676x112
717,Jonathon Gregory,Individual,Shortfort,0405117461x377
718,Matthew Brown,Individual,Port Amberfurt,7853360978
719,Brian Oneill,NGO,East Stephaniefort,4236914227
720,Jeremiah Terry,Individual,Nicoleberg,+10955013103x762
721,Ashley Ramirez,Charity,Heatherburgh,6043823103
722,Deanna Owens,NGO,South Mark,8654109397
723,Lisa Kim,Individual,New Brandyhaven,+14658562095
724,Randall Ford,Shelter,East Tasha,0720378421x0768
725,Edward Lopez,NGO,New Matthewton,6835917229
726,Tammy Brown,Shelter,Victorton,+12445691621x3556
727,Troy Jimenez,Shelter,Port Marc,8292462756x7494
728,Dustin Stark,Charity,Kimberlymouth,7169504574x79791
729,David Spence,Charity,Port Curtisside,+18430061807
730,Felicia Glover,Shelter,East Michael,9828442370
731,Jacob Scott,Charity,South Jenniferburgh,0018572168483
732,Jessica Shields,Shelter,South Richard,5190925018x2511
733,David Fox,Individual,Longmouth,0015428004782x916
734,Amanda Buchanan,NGO,Perryton,1217184571x61884
735,Kyle Scott,Individual,Reedview,0019802043107x974
736,Damon Schmidt,Charity,Cummingschester,0016957223687x35864
737,James Brown,Shelter,Lake Catherine,1525088754x91151
738,Matthew Morgan,Charity,Robertton,5355122781
739,Nancy Jones,Shelter,West Bradley,8064578047x368
740,Denise Lucas,Charity,East Jamesmouth,0067758489x1702
741,Amber Burnett,Charity,Garciashire,9013559555
742,Matthew Webb,Charity,West David,0019983419445x0465
743,Nicholas Tucker,Charity,Port Samantha,2900712070
744,Matthew Deleon,Individual,Danielsview,0069409278x989
745,Jose Vance,NGO,Lake Heatherberg,2166207837x2021
746,Kenneth Barnes,NGO,South Lindsay,8684340244
747,Vanessa Johnson,Shelter,Wilsonshire,1513477079x5528
748,Bridget Williams,Charity,South Williamview,0010793472416x344
749,Michael Craig,Individual,Moralesburgh,1314899950x8143
750,Levi Lucas,Charity,North Vanessamouth,0957635392x058
751,Travis Johnson,Shelter,South Edward,7856401614
752,Cassidy Alvarado,Individual,Leahchester,+18253644624
753,Samantha Potter,Charity,Aguilarbury,+15414344196x086
754,Michael Ford,Individual,New Sean,3899888452
755,Eugene Beltran,Shelter,South Samanthaburgh,0016966162431x933
756,Emma Anderson,NGO,Lake Michelle,0013693475266
757,Christopher Garcia,Charity,North Danielchester,+18375555633x0883
758,Jennifer Lucero,NGO,South Theresaberg,3861055091x35748
759,Kathleen Watkins,Shelter,Hardyberg,4357884119x238
760,Gina Blankenship,Shelter,Brittanyborough,0013187217199x01418
761,Douglas Roberts,Shelter,Deanstad,+19880777950x039
762,Donna Chang,NGO,East Stevenborough,9564962501
763,Karen Williamson,Shelter,Sandovalmouth,8575884472x78504
764,Krista Williams,Shelter,Oliverberg,4814373776
765,Joshua Hooper,Shelter,Buchananton,+10134631430x05130
766,John Reynolds,Shelter,Grahambury,0010620859402x6875
767,Jordan Hart,Shelter,East Julietown,+11617536365x946
768,Mary Wilson,Charity,Lake Kimberlyton,4843363858x53588
769,John Warner,Shelter,Cookhaven,+10033205395
770,Jacob Gibbs,Charity,New Jesus,8062651675
771,Emily Gallagher,Individual,Wagnerburgh,4916631678
772,Cassandra Yoder,Charity,Danielfurt,+19287660621x673
773,Hunter Richards,NGO,West Victoriaberg,0015817781214
774,Tracy Bass,NGO,South Jessicaburgh,4612584749x956
775,Thomas Nelson,Charity,Donnamouth,+12276018962x271
776,James Thompson,Shelter,Ronaldmouth,1217327913x396
777,Julie Dickerson,Shelter,Diazbury,3831382733x067
778,Kristie Townsend,Shelter,Melissaberg,1674389582x45761
779,James Turner,NGO,North Mallorystad,+17007097978x681
780,Jacqueline Johnson,Shelter,Jeffreyland,+12086571423x44884
781,Jason Taylor,NGO,Reginaburgh,1506380354x9178
782,Timothy Burns,Charity,East Janetstad,2625557560
783,Monica Phillips,Charity,New Phillipfurt,1885889838
784,Jill Harris,Shelter,Josephfurt,0398137188x11427
785,Melissa Lee,Charity,Brownport,8331940479x719
786,Robert Kim,Shelter,Port Gabrielleborough,5131567998x53487
787,Rachel Rios,NGO,Sarahaven,3191048885
788,Beth Phillips,NGO,Zacharyview,2933832279x8386
789,Laura Robertson,NGO,Hansonfurt,6168516533x67759
790,Stephanie Smith,Charity,West Carrieport,0010284115954x38730
791,David Kennedy,Charity,Port Caleb,0010616129715x40982
792,Tamara Frey,Shelter,Deanfort,9761685693x615
793,Renee Anderson,Charity,Princehaven,0401324956
794,Lee Nunez,Individual,Andersonfort,4688571870x688
795,Caitlin Cobb,Charity,North Andresport,+19688714930
796,Lisa Carroll,NGO,South Jamesfort,+12238428919x643
797,Robert Becker,Charity,Danielland,0607560612
798,James Estrada,Individual,Westport,0010204508542x5607
799,Adam Moore,Charity,East Josephview,+11190803260x81212
800,Anthony Garcia,Individual,Brownbury,+18455419687x513
801,Samantha Simpson,Shelter,West Meganmouth,0010308323866x065
802,Lisa Cruz,Charity,Stevenmouth,3720917748x36631
803,Joseph Stafford,Shelter,Lake Lindseystad,8127825617
804,Elizabeth Cochran,NGO,Theresabury,7711350025
805,Sharon Martin,Individual,South Michelleport,8858892008x8858
806,James Miller,NGO,Lisabury,+14998196868x6637
807,Taylor Miller,NGO,Josephside,+10222705486x316
808,Pamela Finley,Individual,Harrisfurt,0011605425380x55508
809,Karen Cain,Individual,East Daisybury,5069604185x0865
810,Cody Meyer,NGO,Westshire,4151472095x47370
811,Scott Schroeder,Shelter,Markfurt,0012290422531x276
812,Sabrina Klein MD,Individual,Shawhaven,0716154555x80217
813,Amber Hale,Individual,Comptonside,0017502352728
814,Michael Petersen,NGO,Maryside,+14543011932x97038
815,James Miller,NGO,North Dawn,0013591397284x11773
816,Jeremiah Hampton,Charity,South Sheryl,8370484121
817,Victoria Torres,Charity,Martinchester,+16247809445x7755
818,Danielle Hayes,NGO,Andreaberg,1310927379
819,Christina Lambert,Shelter,Delgadofort,6375169143x5014
820,Patrick Velasquez,Individual,West Jacob,6061667246x746
821,Jeffrey Wilson,Charity,Davisport,0012453907219x847
822,Aaron Malone,Shelter,East Mark,+18031366978x6095
823,James Rose,Shelter,East Amandaberg,6582047743
824,Madison Myers,Shelter,Cruzland,1235008333x8386
825,Charles Morris,Charity,New Olivia,0061074825x44414
826,Mr. Steven Reeves MD,Individual,West Jacquelinefort,+12637394608x1451
827,John Simmons,NGO,North Tanner,7973886145x650
828,Jason Mcpherson,Shelter,Michaelside,4036934197x409
829,Mr. Brian Fox,Charity,Scottbury,3013164760x229
830,Jeffrey Cooper,Shelter,Lake Christian,0018772455095
831,Samantha Ellison,Individual,New Kimberly,5224377292x9078
832,Kylie Young,Shelter,Ginaview,9131186244
833,Kelly Pierce,Shelter,West Josephland,3704671150x479
834,Renee Flynn,Individual,South Mark,0935018423
835,Jennifer Wright,Shelter,Lauratown,2575563261x76228
836,Scott Craig,Shelter,South Lisa,1183826136
837,Michelle Reed,Shelter,West John,1072168815
838,Jessica Stephens,Charity,West Michaelton,3589778320
839,Michael Cox,NGO,North Kelly,0019537395146x845
840,Mary Anderson,Shelter,South Mirandamouth,+11481260133x15456
841,Brian Reed,NGO,Amandaburgh,6405649498x1956
842,Robert Stewart,Shelter,New Laura,8735016244x4712
843,Glenn Anthony,Charity,Halltown,5029607549
844,Andrew Gray,Individual,Lake Dustin,4480057192x2140
845,Adam Horton,NGO,Ramosberg,3644230076x300
846,Charles Aguilar,NGO,Johnsonchester,+11482619107x10033
847,Wesley Myers,Shelter,Meganburgh,2859917532x0243
848,Terrence Wagner,Individual,Taraside,0018322467583
849,Kyle Johnson,Shelter,Ellisshire,0018877666073
850,Kristopher Mendoza,Individual,Bradfurt,6781166339x54475
851,Christina Brown,NGO,Wyattton,9830347865
852,Jo Martinez,Charity,Port Williamtown,+12643426012x6505
853,Tanya Lowe,Charity,Crawfordchester,6775969794
854,Christopher Diaz,Individual,Lorifurt,0014421062480x735
855,Robert Abbott,NGO,Collierburgh,+11145328181x037
856,Amanda Brown,Individual,New Larryshire,1763305060
857,Jennifer Taylor,Individual,Lake Kaylamouth,0010242411359
858,Ashley Harris,Individual,Lake Stephenchester,0016805824607x74285
859,Dana Williams,Charity,Cookstad,5259995693
860,James Knight,Charity,Kirkfort,+10015044343x556
861,Ashley Clark,NGO,Poolebury,5186226804x900
862,Justin Martinez,Individual,New Erikamouth,6973577122x04253
863,Jessica Camacho,Individual,Billyland,1906749988x688
864,Justin Anderson,NGO,South Craigborough,+19676298865x504
865,Katherine Houston,Individual,Lake Joshuabury,9354200196x9064
866,Jose Cooper,Shelter,Pooleside,0836012157
867,Tara Williams,Individual,New Dakotahaven,7246108348
868,Kayla Erickson,Shelter,West Lindseyside,2137526967x0263
869,David Mendoza,Charity,North Shawnastad,0015178649061x969
870,Joshua Mendoza,Charity,North Amy,8428767043x953
871,Veronica Adams,Individual,Natalieside,3857123680
872,Lori Peters,Individual,Annaborough,2706526057x691
873,Darius Reid,Charity,Port Philipmouth,3069395162
874,Danny Brown,Individual,East Shirley,8293712280x79605
875,Scott Smith,Individual,New Donnahaven,0013769655711
876,Jeremy Robinson,NGO,Jamesview,0010971983229x7777
877,Jeffrey Stafford,Shelter,North Nicholasborough,4544602468x7969
878,Cory Johnson,NGO,Port Robertmouth,9443115766
879,Bridget Hill,Charity,South Emily,8684652331x6437
880,Kristen Foster,Shelter,North Ricardo,7492528592
881,Alan Riley,NGO,Tylermouth,+11916202120x274
882,Steven Shaffer,Shelter,Rodneyport,7997939460
883,Aaron Rios,NGO,New Jeffreyhaven,5436294859x81093
884,Mary Evans,Shelter,North Josephmouth,2484575683
885,James Hardin,Individual,East Robert,7160356813x982
886,Amber Cruz,Shelter,Allenborough,+10770731734x206
887,Jean Woods,Shelter,Fernandezchester,+16885468304x8077
888,Matthew Davis,Charity,Birdview,1367475533
889,Holly Aguilar,NGO,West Sara,7995062068
890,Joseph Whitaker,NGO,Jamesborough,0010592718576
891,Thomas Myers,Shelter,North Haleyhaven,5798565722
892,Brian Hardy,NGO,Lake Williamhaven,0626427542x67155
893,Carrie Hess,Charity,Jarvisshire,+18280679673x188
894,Tammy Fletcher,Charity,New Adrian,2195502711
895,Ms. Deborah Campos,Individual,West Barry,0015799485058
896,Jennifer Smith,Shelter,Josephton,1797280744
897,Shelby Rice,Shelter,New Loriberg,+12134702112x7474
898,Emily Ramos,Shelter,East Michaelview,0337957197x362
899,Rachel Pena,NGO,Grossport,5236685935x836
900,Hannah Reynolds,Charity,East Kevinberg,7310405330x77836
901,Donald Caldwell,Shelter,Dawsonberg,0011910712217x6177
902,Michelle Riley,NGO,New Juliaton,0010124979466x8873
903,Cindy Robinson DDS,Shelter,Franklinview,4186239588
904,Amanda Kline,Shelter,East Travis,0012653763204x275
905,Ann Odonnell,Charity,East Michael,9263457660x29567
906,Christopher Gonzalez,Shelter,Payneland,+15102412999x765
907,Jamie Jenkins,NGO,New Melanie,0016769039528x783
908,Abigail Crawford,NGO,Lake Shawn,0101528668
909,Matthew Cordova,NGO,Rubioborough,0019055898944x09730
910,Tina Donaldson,Shelter,Lake Brandibury,7364464714
911,Devon Martinez,Individual,Jessicaland,8612582469x860
912,Katelyn Proctor,Charity,Williamsborough,0019492717461x8101
913,Jeffrey Jones,NGO,Kennethmouth,2972292136
914,Jeffrey Walker,Individual,Woodardview,0284721603
915,Deborah Garza,Shelter,South Alanville,6955892656
916,Lindsey Mathis,Shelter,Ianland,8165585061
917,Michael Townsend,Shelter,East Kevin,0348038502x33851
918,Katrina Cruz,Charity,Jenkinsfurt,7091915616x88772
919,Sarah Brown,Shelter,North Christina,0011198807367x9899
920,Gregory Rodriguez,Charity,West Davidview,6716671616
921,Kelly Walls,Individual,Lake Victoriaton,8575175280
922,Savannah Holland,Individual,Kelleystad,4876887575
923,Victor Diaz,Shelter,Darinview,5619230470x922
924,Sarah Roberts,Shelter,North Janetland,0015134593188x9757
925,Cassidy Davis,Individual,West Donaldmouth,0018153594471
926,Kimberly Ware,Individual,East Sheriton,0010782660266
927,Mary Escobar,Individual,Gloriaview,6638636846x9153
928,Barbara Richards,Charity,Carlostown,5248119365x51761
929,Donna Terry,Charity,Mathistown,1048587570
930,Joseph Smith,Shelter,Dunnbury,9099131799
931,Rhonda Lewis,Individual,South Michael,0010681511254x26821
932,Justin Stevens,Charity,South Mary,0017560511371x9827
933,Jodi Lee,NGO,West Paulfort,3517962649
934,Dr. Wendy Terrell,Charity,Erikashire,5662368791
935,John Harris,NGO,Riverafort,+18275450294x5697
936,Jacob Horton,NGO,Port Douglasland,+12867445283x04031
937,Mark Ward,NGO,Port Jonathanton,0384311430
938,Matthew Thornton,NGO,Hayesfort,1084069823
939,Chad Vaughn,Charity,Lake Brandonborough,5651992977x36531
940,Lynn Lucas,Charity,Elizabethberg,6891290146
941,Jessica Boyd,NGO,South Heather,0017584105626x844
942,Earl Hess,Charity,Rodneyborough,0091751556
943,Rebecca Lucas,Charity,New Jessicabury,7214463873x3399
944,Sharon Wood,Charity,New Melindashire,5282176863
945,Alex Leon,Individual,Caitlynhaven,6671140630x55873
946,Taylor Mann,Charity,North Lawrence,0017667482534x468
947,Debra Webster,Charity,East Debramouth,9302919053x13757
948,Thomas Castaneda,NGO,West Ashleymouth,1825044729x4296
949,Allison Pennington,Individual,North Lydiaberg,+15867136798
950,Caitlin Bennett,NGO,Delacruzborough,3510503132x9588
951,Brittany Mcclain,Individual,Robertville,8110362093x7533
952,Sarah Morgan,Charity,Gilbertfurt,+16308098000
953,Tina Anderson,Charity,Port Jonathanhaven,1021685649
954,Mark Russell,NGO,Nathanstad,3811753680
955,Christopher Wong,Charity,Jacquelineshire,7451357397
956,Jacqueline Fernandez,Charity,Kennethside,+15734128522x8213
957,Angela Hall,Charity,Greenville,2576243615
958,Scott Brown,Individual,Oneillland,0018794487571x7987
959,Samantha Gomez,Charity,Suzanneton,0019554958534x09912
960,Jason Hughes,Shelter,Myerstown,8516270395x00955
961,Tyler Gray,NGO,West Dustinberg,3748508848
962,Donald Anderson,Shelter,North Stephanieborough,+12249511888x539
963,Victor Ward,NGO,Johnhaven,6280482026x3385
964,Donald Moore,Individual,Davisfort,0017421648768x9906
965,Ashley Silva,NGO,Port Thomas,5530483123x8350
966,Sheila Lang,NGO,Lake Larryborough,0015852862289
967,Samantha Sherman,Individual,Port Cindyberg,6592776748x37772
968,Mr. Joseph Herring,Individual,Mariefurt,8390442094
969,Leon Foster,NGO,Bennettton,1989369076
970,Brandon Rice,Shelter,South Benjamin,+15631222255
971,Teresa Estrada,Individual,Mayburgh,3207784104
972,Patricia Joseph,Individual,Lauraport,6119276696x43169
973,Brian Johnson,NGO,Patrickfort,0017514795501x9929
974,Mark Miller,NGO,North Joshua,0113611154x694
975,Danielle Bullock,Individual,Amandafurt,8882539476x2056
976,Tammy Patrick,Individual,Clarkton,0016715529014x817
977,Pamela Scott,Charity,South Paul,3106420442
978,Adam Evans,Individual,Lake Sonya,4843980067x44415
979,Rebecca Wright,Charity,Teresastad,+17073874410x419
980,Elizabeth Fisher,Shelter,Carrborough,2989083776x9550
981,Dawn Jennings,Shelter,Port Cody,0857596512x5392
982,Thomas Villanueva,NGO,Gutierrezmouth,0013386039644
983,Joanna Black,NGO,North Jacobhaven,7819505825
984,Steve Kirby,Charity,Travishaven,8151958711x59256
985,Thomas Sanchez,NGO,Rodneyfurt,2315921072x512
986,Rita Kane,Shelter,South Jamie,+13473062056
987,Becky Smith,Shelter,East Renee,7907087489
988,Kristi Rodriguez,Charity,Nielsenberg,3498645409x08379
989,Timothy Bradshaw,Individual,North Laura,4512605312
990,Patricia Hardy,Shelter,Thomasport,0766873532x03467
991,Lindsey Wagner,Shelter,Jessicaburgh,4010527584
992,James Curry,Individual,Port Johnside,2230438999x392
993,Alexis Hayes,Shelter,Matthewmouth,5438120534x6473
994,Angelica Simmons,NGO,Port Kellifort,9029428232
995,Brittany Taylor,Individual,Andrewsport,2965687106x4981
996,Matthew Curtis,Shelter,Lanechester,1278894442x1289
997,Amanda Cain,NGO,New Steven,+10014915601x5316
998,Theodore Briggs,Individual,South Sandra,9306099442x5031
999,Cheyenne Ramsey,NGO,Lake Jeffery,0013263204816x15300
1000,April Miller,Shelter,Shelbychester,8948732652x23999
